"","method","phenotype","opengwasid","ONTOLOGY","ID","Description","GeneRatio","BgRatio","pvalue","p.adjust","qvalue","geneID","Count"
"1","Forward Trans-MR","ER+ Breast cancer (Combined Oncoarray; iCOGS; GWAS meta analysis)","ieu-a-1127","BP","GO:0050770","regulation of axonogenesis","11/114","25/1000",2.96560811431978e-05,0.0344564067734699,0.0323277268134379,"CDH1/ISLR2/KEL/NEFL/NRP1/PLXNB2/PTPRS/ROBO1/ROBO2/RTN4R/SEMA4C",11
"2","Forward Trans-MR","ER+ Breast cancer (Combined Oncoarray; iCOGS; GWAS meta analysis)","ieu-a-1127","BP","GO:0007156","homophilic cell adhesion via plasma membrane adhesion molecules","12/114","30/1000",4.01455431016549e-05,0.0344564067734699,0.0323277268134379,"AMIGO2/CDH1/CDH5/DSG3/NECTIN4/PCDH1/PCDH17/PECAM1/PLXNB2/PTPRM/ROBO1/ROBO2",12
"3","Forward Trans-MR","ER+ Breast cancer (Combined Oncoarray; iCOGS; GWAS meta analysis)","ieu-a-1127","BP","GO:0098742","cell-cell adhesion via plasma-membrane adhesion molecules","16/114","52/1000",8.80694328423808e-05,0.0434182303912937,0.047279379736436,"AMIGO2/CDH1/CDH5/DSG3/NECTIN4/PCDH1/PCDH17/PECAM1/PLXNB2/PTPRF/PTPRM/PTPRS/ROBO1/ROBO2/SELE/SELP",16
"4","Forward Trans-MR","ER+ Breast cancer (Combined Oncoarray; iCOGS; GWAS meta analysis)","ieu-a-1127","MF","GO:0004888","transmembrane signaling receptor activity","31/116","138/1007",5.24184687223173e-05,0.0344564067734699,0.00891113968279395,"ADGRG2/AXL/CD27/CD79B/EDA2R/EFEMP1/ENG/EPHB4/GPR37/IGF1R/IL1R1/IL4R/IL6R/IL6ST/IL7R/LIFR/LILRA2/MET/NRP1/PECAM1/PLXNB2/PTPRF/PTPRM/ROBO1/ROBO2/ROR1/RTN4R/SELE/TNFRSF10A/TNFRSF10B/TNFRSF1A",31
"5","Forward Trans-MR","High grade and low grade serous ovarian cancer","ieu-a-1228","BP","GO:0009653","anatomical structure morphogenesis","29/52","286/1002",2.14746788823325e-05,0.0372800425397293,0.0303132046117978,"APLP1/CCL3/CD34/CDH2/CLEC14A/CX3CL1/DKKL1/EFNA4/ENG/EPHB4/HSPG2/IGF1R/IL7/IL7R/ISLR2/KEL/KIT/KLK14/KRT18/MET/NTRK2/PLXNB3/PTPRM/SEMA3F/SEMA4C/SMAD5/TNFSF12/VAT1/WNT9A",29
"6","Forward Trans-MR","High grade and low grade serous ovarian cancer","ieu-a-1228","BP","GO:0000902","cell morphogenesis","15/52","98/1002",5.35460892541537e-05,0.0389555964420183,0.0316756335367127,"APLP1/CCL3/CDH2/EFNA4/IGF1R/IL7R/ISLR2/KEL/KIT/MET/NTRK2/PLXNB3/PTPRM/SEMA3F/SEMA4C",15
"7","Forward Trans-MR","High grade and low grade serous ovarian cancer","ieu-a-1228","BP","GO:0000904","cell morphogenesis involved in differentiation","12/52","67/1002",7.3466588971272e-05,0.0389555964420183,0.0316756335367127,"APLP1/CDH2/EFNA4/IGF1R/ISLR2/KEL/MET/NTRK2/PLXNB3/PTPRM/SEMA3F/SEMA4C",12
"8","Forward Trans-MR","High grade and low grade serous ovarian cancer","ieu-a-1228","BP","GO:0007409","axonogenesis","11/52","58/1002",8.97594388064938e-05,0.0389555964420183,0.0316756335367127,"APLP1/CDH2/EFNA4/IGF1R/ISLR2/KEL/NTRK2/PLXNB3/PTPRM/SEMA3F/SEMA4C",11
"9","Forward Trans-MR","High grade and low grade serous ovarian cancer","ieu-a-1228","BP","GO:0048667","cell morphogenesis involved in neuron differentiation","11/52","60/1002",0.000124755933924484,0.0433152602585809,0.0352205699774175,"APLP1/CDH2/EFNA4/IGF1R/ISLR2/KEL/NTRK2/PLXNB3/PTPRM/SEMA3F/SEMA4C",11
"10","Forward Trans-MR","High grade and low grade serous ovarian cancer","ieu-a-1228","BP","GO:0050770","regulation of axonogenesis","7/52","25/1002",0.000157605148184988,0.0456004228748565,0.0370786848624682,"CDH2/ISLR2/KEL/NTRK2/PLXNB3/SEMA3F/SEMA4C",7
"11","Forward Trans-MR","Lung adenocarcinoma","ieu-a-984","MF","GO:0038023","signaling receptor activity","30/71","187/997",1.60022665546495e-06,0.00141059979679235,0.000113700314993562,"ATP6AP2/CD5/CD8A/DDR1/ENG/EPHB4/ERBB4/FGFR2/FOLR1/ICAM1/IFNGR1/IL10RB/IL7R/KIR2DL3/KIT/LIFR/MET/NOTCH1/OSCAR/PEAR1/PLAUR/PLXNB2/REG1A/REG1B/ROR1/SELE/TGFBR2/TNFRSF11A/TNFRSF6B/TNFRSF9",30
"12","Forward Trans-MR","Lung adenocarcinoma","ieu-a-984","MF","GO:0060089","molecular transducer activity","30/71","187/997",1.60022665546495e-06,0.00141059979679235,0.000113700314993562,"ATP6AP2/CD5/CD8A/DDR1/ENG/EPHB4/ERBB4/FGFR2/FOLR1/ICAM1/IFNGR1/IL10RB/IL7R/KIR2DL3/KIT/LIFR/MET/NOTCH1/OSCAR/PEAR1/PLAUR/PLXNB2/REG1A/REG1B/ROR1/SELE/TGFBR2/TNFRSF11A/TNFRSF6B/TNFRSF9",30
"13","Reverse PRS","MS","ieu-b-18","BP","GO:0006955","immune response","44/85","374/1420",2.18512819583298e-07,0.000430948941722912,0.000333058586588798,"LILRB4/KIR2DL3/CD22/C2/CCL19/CD8A/GZMA/LTA/IGF1R/IL5RA/CXCL3/CXCL1/KLRB1/BTN2A1/CCL28/CTSL/TNFSF13B/JCHAIN/IL12B/CLEC5A/CD4/CDH17/KLRD1/AGER/IL2RA/LY96/CD6/TNF/TNFRSF4/IL7R/CD79B/ADAMTS13/CD200R1/LTBR/CLEC4G/CCL21/LAIR1/MOG/LILRB1/LY75/IFNG/ALCAM/SIGLEC10/LRP1",44
"14","Reverse PRS","MS","ieu-b-18","BP","GO:0002250","adaptive immune response","22/85","118/1420",4.03321424167442e-07,0.000430948941722912,0.000333058586588798,"LILRB4/C2/CCL19/CD8A/LTA/CTSL/TNFSF13B/JCHAIN/IL12B/CD4/KLRD1/AGER/CD6/TNF/IL7R/CD79B/CLEC4G/LAIR1/LILRB1/IFNG/ALCAM/SIGLEC10",22
"15","Reverse PRS","MS","ieu-b-18","BP","GO:1903131","mononuclear cell differentiation","18/85","101/1420",1.14278797662797e-05,0.00305267238256748,0.00629134854501506,"LILRB4/CCL19/CD8A/CTSL/TNFSF13B/IL12B/CD4/MERTK/IL15RA/CDH17/AGER/IL2RA/IL7R/CD79B/LTBR/CLEC4G/LILRB1/IFNG",18
"16","Reverse PRS","MS","ieu-b-18","BP","GO:0002822","regulation of adaptive immune response based on somatic recombination of immune receptors built from immunoglobulin superfamily domains","12/85","57/1420",7.52399241189474e-05,0.0167786496914992,0.0209039159145122,"LILRB4/CCL19/LTA/TNFSF13B/IL12B/CD4/KLRD1/AGER/TNF/IL7R/CLEC4G/LILRB1",12
"17","Reverse PRS","MS","ieu-b-18","BP","GO:0097242","amyloid-beta clearance","6/85","14/1420",7.87711844324483e-05,0.0167786496914992,0.0209039159145122,"IGF1R/MSR1/TNF/LRPAP1/IFNG/LRP1",6
"18","Reverse PRS","MS","ieu-b-18","BP","GO:0002460","adaptive immune response based on somatic recombination of immune receptors built from immunoglobulin superfamily domains","14/85","76/1420",8.63664701013059e-05,0.0167786496914992,0.0209039159145122,"LILRB4/C2/CCL19/CD8A/LTA/TNFSF13B/IL12B/CD4/KLRD1/AGER/TNF/IL7R/CLEC4G/LILRB1",14
"19","Reverse PRS","MS","ieu-b-18","BP","GO:0046634","regulation of alpha-beta T cell activation","8/85","27/1420",0.000103439040818336,0.0171901516256142,0.0209039159145122,"LILRB4/CCL19/IL12B/AGER/IL2RA/CLEC4G/LILRB1/IFNG",8
"20","Reverse PRS","MS","ieu-b-18","BP","GO:0030098","lymphocyte differentiation","15/85","87/1420",0.000104572752050999,0.0171901516256142,0.0209039159145122,"LILRB4/CCL19/CD8A/CTSL/TNFSF13B/IL12B/CD4/MERTK/IL15RA/CDH17/IL2RA/IL7R/CD79B/CLEC4G/IFNG",15
"21","Reverse PRS","MS","ieu-b-18","BP","GO:0051249","regulation of lymphocyte activation","20/85","142/1420",0.000130310172005173,0.0190926037088503,0.0209039159145122,"LILRB4/CD22/CCL19/CD5/TNFSF13B/IL12B/SDC4/CD4/MERTK/IL15RA/KLRD1/AGER/IL2RA/CD6/TNFRSF4/IL7R/CLEC4G/CCL21/LILRB1/IFNG",20
"22","Reverse PRS","MS","ieu-b-18","BP","GO:0002710","negative regulation of T cell mediated immunity","5/85","10/1420",0.000135980949466103,0.0190926037088503,0.0209039159145122,"LILRB4/KLRD1/IL7R/CLEC4G/LILRB1",5
"23","Reverse PRS","MS","ieu-b-18","BP","GO:0046649","lymphocyte activation","24/85","190/1420",0.000143864821991618,0.0190926037088503,0.0209039159145122,"LILRB4/CD22/CCL19/CD8A/CD5/CTSL/TNFSF13B/IL12B/SDC4/CD4/MERTK/IL15RA/CDH17/KLRD1/AGER/IL2RA/CD6/TNFRSF4/IL7R/CD79B/CLEC4G/CCL21/LILRB1/IFNG",24
"24","Reverse PRS","MS","ieu-b-18","BP","GO:0002819","regulation of adaptive immune response","12/85","61/1420",0.00015188313666376,0.0190926037088503,0.0209039159145122,"LILRB4/CCL19/LTA/TNFSF13B/IL12B/CD4/KLRD1/AGER/TNF/IL7R/CLEC4G/LILRB1",12
"25","Reverse PRS","MS","ieu-b-18","BP","GO:0002521","leukocyte differentiation","19/85","134/1420",0.000182330129514136,0.0216466381539838,0.0231640464135773,"LILRB4/CCL19/CD8A/CTSL/TNFSF13B/IL12B/CD4/MERTK/IL15RA/CDH17/AGER/IL2RA/TNF/IL7R/CD79B/LTBR/CLEC4G/LILRB1/IFNG",19
"26","Reverse PRS","MS","ieu-b-18","BP","GO:0046631","alpha-beta T cell activation","9/85","37/1420",0.000201709628664519,0.0226870250766356,0.0237956697274158,"LILRB4/CCL19/CTSL/IL12B/AGER/IL2RA/CLEC4G/LILRB1/IFNG",9
"27","Reverse PRS","MS","ieu-b-18","BP","GO:1903037","regulation of leukocyte cell-cell adhesion","17/85","116/1420",0.000283217916513826,0.0302618343795023,0.0311837832287855,"LILRB4/CCL19/CD5/CCL28/TNFSF13B/IL12B/SDC4/CD4/AGER/IL2RA/CD6/TNF/IL7R/CLEC4G/CCL21/LILRB1/IFNG",17
"28","Reverse PRS","MS","ieu-b-18","BP","GO:0051251","positive regulation of lymphocyte activation","15/85","97/1420",0.000374982207745316,0.0381589037119876,0.0387070449968685,"LILRB4/CCL19/CD5/TNFSF13B/IL12B/CD4/IL15RA/AGER/IL2RA/CD6/TNFRSF4/IL7R/CCL21/LILRB1/IFNG",15
"29","Reverse PRS","MS","ieu-b-18","BP","GO:1902107","positive regulation of leukocyte differentiation","10/85","50/1420",0.000494095871319659,0.0415606611838196,0.0397677772421868,"LILRB4/CCL19/IL12B/CD4/IL15RA/AGER/IL2RA/TNF/IL7R/IFNG",10
"30","Reverse PRS","MS","ieu-b-18","BP","GO:1903708","positive regulation of hemopoiesis","10/85","50/1420",0.000494095871319659,0.0415606611838196,0.0397677772421868,"LILRB4/CCL19/IL12B/CD4/IL15RA/AGER/IL2RA/TNF/IL7R/IFNG",10
"31","Reverse PRS","MS","ieu-b-18","BP","GO:0016192","vesicle-mediated transport","25/85","218/1420",0.000498959304813453,0.0415606611838196,0.0397677772421868,"LILRB4/CD22/C2/CCL19/TIMD4/IGF1R/CD5/MSR1/CTSL/SDC4/MERTK/IL15RA/AGER/CD6/TNF/ATP6V1D/CD302/CCL21/LILRB1/LY75/LRPAP1/IFNG/HYOU1/LRP1/ANXA11",25
"32","Reverse PRS","MS","ieu-b-18","BP","GO:1903039","positive regulation of leukocyte cell-cell adhesion","14/85","89/1420",0.000503443831587451,0.0415606611838196,0.0397677772421868,"LILRB4/CCL19/CD5/TNFSF13B/IL12B/CD4/AGER/IL2RA/CD6/TNF/IL7R/CCL21/LILRB1/IFNG",14
"33","Reverse PRS","MS","ieu-b-18","BP","GO:0007155","cell adhesion","37/85","383/1420",0.00050565146971423,0.0415606611838196,0.0397677772421868,"LILRB4/CD22/CDSN/CCL19/TNXB/IGFBP7/FAP/CD5/FOLR2/CCL28/TNFSF13B/SIGLEC9/IL12B/SDC4/CD4/MERTK/CDH17/AGER/IL2RA/CD6/ITGA6/TNF/IL7R/NRP2/ADAMTS13/CNTN5/CD200R1/CLEC4G/CCL21/CRNN/MOG/FOLR3/LILRB1/IFNG/ALCAM/TGFBI/SIGLEC10",37
"34","Reverse PRS","MS","ieu-b-18","BP","GO:0050870","positive regulation of T cell activation","13/85","81/1420",0.000669746727062688,0.0493534053701022,0.0480728994683436,"LILRB4/CCL19/CD5/TNFSF13B/IL12B/CD4/AGER/IL2RA/CD6/IL7R/CCL21/LILRB1/IFNG",13
"35","Reverse PRS","MS","ieu-b-18","BP","GO:0050776","regulation of immune response","22/85","185/1420",0.00072463114845033,0.0494427465235964,0.0480728994683436,"LILRB4/CD22/C2/CCL19/CD8A/LTA/KLRB1/BTN2A1/TNFSF13B/IL12B/CD4/KLRD1/AGER/LY96/TNF/IL7R/CD79B/CD200R1/CLEC4G/MOG/LILRB1/IFNG",22
"36","Reverse PRS","MS","ieu-b-18","BP","GO:0002694","regulation of leukocyte activation","21/85","173/1420",0.000746186770843325,0.0494427465235964,0.0480728994683436,"LILRB4/CD22/CCL19/CD5/TNFSF13B/IL12B/SDC4/CD4/MERTK/IL15RA/KLRD1/AGER/IL2RA/CD6/TNF/TNFRSF4/IL7R/CLEC4G/CCL21/LILRB1/IFNG",21
"37","Reverse PRS","MS","ieu-b-18","BP","GO:0002437","inflammatory response to antigenic stimulus","6/85","20/1420",0.000758589081646011,0.0494427465235964,0.0480728994683436,"LTA/IL5RA/IL12B/IL2RA/CD6/TNF",6
"38","Reverse PRS","MS","ieu-b-18","BP","GO:0002696","positive regulation of leukocyte activation","16/85","115/1420",0.000808573353655543,0.0494427465235964,0.0480728994683436,"LILRB4/CCL19/CD5/TNFSF13B/IL12B/CD4/IL15RA/AGER/IL2RA/CD6/TNF/TNFRSF4/IL7R/CCL21/LILRB1/IFNG",16
"39","Reverse PRS","MS","ieu-b-18","BP","GO:0022407","regulation of cell-cell adhesion","18/85","138/1420",0.000812718427791724,0.0494427465235964,0.0480728994683436,"LILRB4/CDSN/CCL19/CD5/CCL28/TNFSF13B/IL12B/SDC4/CD4/AGER/IL2RA/CD6/TNF/IL7R/CLEC4G/CCL21/LILRB1/IFNG",18
"40","Reverse PRS","MS","ieu-b-18","BP","GO:0002684","positive regulation of immune system process","26/85","238/1420",0.000818174881574212,0.0494427465235964,0.0480728994683436,"LILRB4/CD22/C2/CCL19/CD8A/LTA/CD5/BTN2A1/TNFSF13B/IL12B/CD4/IL15RA/KLRD1/AGER/IL2RA/LY96/CD6/TNF/TNFRSF4/IL7R/CD79B/CCL21/MOG/LILRB1/IFNG/MSTN",26
"41","Reverse PRS","MS","ieu-b-18","BP","GO:0001914","regulation of T cell mediated cytotoxicity","5/85","14/1420",0.000891634902601809,0.0494427465235964,0.0480728994683436,"IL12B/KLRD1/AGER/IL7R/LILRB1",5
"42","Reverse PRS","MS","ieu-b-18","BP","GO:0009988","cell-cell recognition","5/85","14/1420",0.000891634902601809,0.0494427465235964,0.0480728994683436,"CCL19/FOLR2/CD6/CCL21/FOLR3",5
"43","Reverse PRS","MS","ieu-b-18","BP","GO:0002456","T cell mediated immunity","8/85","36/1420",0.000902324339925251,0.0494427465235964,0.0480728994683436,"LILRB4/CD8A/IL12B/KLRD1/AGER/IL7R/CLEC4G/LILRB1",8
"44","Reverse PRS","MS","ieu-b-18","CC","GO:0009986","cell surface","37/87","295/1442",1.11155627066899e-06,0.000791798583473212,0.000196745459908412,"LILRB4/CD22/CD8A/IL5RA/FAP/CD5/KLRB1/FOLR2/BTN2A1/FCRL6/IL12B/CLEC5A/SDC4/CD4/IL15RA/CDH17/AGER/IL2RA/ITGA6/TNF/TNFRSF4/IL7R/BGN/CD79B/ADAMTS13/CD200R1/CD302/FCRL5/PAM/CLEC4G/HBEGF/MOG/FOLR3/LILRB1/LY75/LRPAP1/ALCAM",37
"45","Reverse PRS","MS","ieu-b-18","CC","GO:0009897","external side of plasma membrane","23/87","141/1442",3.08647357146155e-06,0.00109929900370222,0.000273152911074347,"CD22/CD8A/IL5RA/CD5/FOLR2/BTN2A1/FCRL6/IL12B/CD4/IL2RA/ITGA6/TNF/TNFRSF4/IL7R/CD79B/CD200R1/CD302/CLEC4G/MOG/FOLR3/LILRB1/LY75/ALCAM",23
"46","Reverse PRS","MS","ieu-b-18","CC","GO:0098552","side of membrane","24/87","159/1442",7.54589796543944e-06,0.0023036548503063,0.000445207979960927,"LILRB4/CD22/CD8A/IL5RA/CD5/FOLR2/BTN2A1/FCRL6/IL12B/CD4/IL2RA/ITGA6/TNF/TNFRSF4/IL7R/CD79B/CD200R1/CD302/CLEC4G/MOG/FOLR3/LILRB1/LY75/ALCAM",24
"47","Reverse PRS","MS","ieu-b-18","MF","GO:0038023","signaling receptor activity","31/87","228/1427",2.826434764218e-06,0.00109929900370222,0.000235040364603391,"LILRB4/KIR2DL3/CD8A/IGF1R/IL5RA/CD5/KLRB1/FOLR2/FCRL6/IL12B/SDC4/CD4/MERTK/IL15RA/KLRD1/AGER/IL2RA/LY96/TNFRSF4/IL7R/NRP2/CD79B/CD200R1/CD302/FCRL5/FOLR3/LILRB1/LY75/FCGR2A/LRP1/CD300E",31
"48","Reverse PRS","MS","ieu-b-18","MF","GO:0060089","molecular transducer activity","31/87","228/1427",2.826434764218e-06,0.00109929900370222,0.000235040364603391,"LILRB4/KIR2DL3/CD8A/IGF1R/IL5RA/CD5/KLRB1/FOLR2/FCRL6/IL12B/SDC4/CD4/MERTK/IL15RA/KLRD1/AGER/IL2RA/LY96/TNFRSF4/IL7R/NRP2/CD79B/CD200R1/CD302/FCRL5/FOLR3/LILRB1/LY75/FCGR2A/LRP1/CD300E",31
"49","Reverse PRS","MS","ieu-b-18","MF","GO:0140375","immune receptor activity","10/87","50/1427",0.000575748581733702,0.0455694340431453,0.0272653751419626,"LILRB4/IL5RA/IL12B/CD4/IL15RA/KLRD1/IL2RA/IL7R/CD200R1/LILRB1",10
"50","Reverse PRS","MS","ieu-b-18","MF","GO:0042287","MHC protein binding","5/87","13/1427",0.000655749528730746,0.0493534053701022,0.0272653751419626,"CD8A/FCRL6/CD4/KLRD1/LILRB1",5
"51","Reverse PRS","MS","ieu-b-18","MF","GO:0004888","transmembrane signaling receptor activity","21/87","172/1427",0.000900186723669361,0.0494427465235964,0.0299430531241598,"LILRB4/IGF1R/IL5RA/KLRB1/FCRL6/IL12B/CD4/MERTK/IL15RA/KLRD1/AGER/IL2RA/TNFRSF4/IL7R/NRP2/CD79B/CD200R1/FCRL5/LILRB1/FCGR2A/CD300E",21
"52","Reverse PRS","CAD","ebi-a-GCST003116","BP","GO:0016054","organic acid catabolic process","14/167","32/1420",4.03586651213122e-06,0.00515178360273551,0.00405498377455711,"PON3/SCLY/KYNU/FABP1/SULT2A1/ACAA1/HAO1/AGXT/DCXR/SORD/LEP/NOS3/HNMT/IDUA",14
"53","Reverse PRS","CAD","ebi-a-GCST003116","BP","GO:0046395","carboxylic acid catabolic process","14/167","32/1420",4.03586651213122e-06,0.00515178360273551,0.00405498377455711,"PON3/SCLY/KYNU/FABP1/SULT2A1/ACAA1/HAO1/AGXT/DCXR/SORD/LEP/NOS3/HNMT/IDUA",14
"54","Reverse PRS","CAD","ebi-a-GCST003116","BP","GO:0072329","monocarboxylic acid catabolic process","10/167","18/1420",7.40428959289094e-06,0.00630105044355019,0.00495957502906274,"PON3/FABP1/SULT2A1/ACAA1/HAO1/AGXT/DCXR/SORD/LEP/IDUA",10
"55","Reverse PRS","CAD","ebi-a-GCST003116","BP","GO:1905953","negative regulation of lipid localization","7/167","10/1420",2.44060797486186e-05,0.0140391837349188,0.011050282124213,"PCSK9/ITGAV/LEP/CES1/IL6/TREM2/TNF",7
"56","Reverse PRS","CAD","ebi-a-GCST003116","BP","GO:0019752","carboxylic acid metabolic process","25/167","94/1420",3.18070887364484e-05,0.0140391837349188,0.011050282124213,"PON3/SCLY/GGT1/ADH4/ACY1/KYNU/FABP1/GSTA1/LPL/SULT2A1/ACAA1/HAO1/ANGPTL3/ST6GAL1/AGXT/PTS/DCXR/TNXB/SORD/LEP/NOS3/CES1/FBP1/HNMT/IDUA",25
"57","Reverse PRS","CAD","ebi-a-GCST003116","BP","GO:0016042","lipid catabolic process","15/167","43/1420",4.83449060881997e-05,0.0140391837349188,0.011050282124213,"FGF21/FABP1/LDLR/LPL/SULT2A1/ACAA1/HAO1/RARRES2/ANGPTL3/HSD11B1/PLA2G7/LEP/CES1/TNF/ENPP7",15
"58","Reverse PRS","CAD","ebi-a-GCST003116","BP","GO:0019915","lipid storage","8/167","14/1420",5.02793133338968e-05,0.0140391837349188,0.011050282124213,"ITGAV/LPL/ANGPTL3/LEP/CES1/IL6/TREM2/TNF",8
"59","Reverse PRS","CAD","ebi-a-GCST003116","BP","GO:0043436","oxoacid metabolic process","25/167","97/1420",5.71133500636591e-05,0.0140391837349188,0.011050282124213,"PON3/SCLY/GGT1/ADH4/ACY1/KYNU/FABP1/GSTA1/LPL/SULT2A1/ACAA1/HAO1/ANGPTL3/ST6GAL1/AGXT/PTS/DCXR/TNXB/SORD/LEP/NOS3/CES1/FBP1/HNMT/IDUA",25
"60","Reverse PRS","CAD","ebi-a-GCST003116","BP","GO:0010883","regulation of lipid storage","7/167","11/1420",6.04900200094426e-05,0.0140391837349188,0.011050282124213,"ITGAV/LPL/LEP/CES1/IL6/TREM2/TNF",7
"61","Reverse PRS","CAD","ebi-a-GCST003116","BP","GO:0032371","regulation of sterol transport","7/167","11/1420",6.04900200094426e-05,0.0140391837349188,0.011050282124213,"PCSK9/FURIN/PLTP/LEP/CES1/TREM2/ENPP7",7
"62","Reverse PRS","CAD","ebi-a-GCST003116","BP","GO:0032374","regulation of cholesterol transport","7/167","11/1420",6.04900200094426e-05,0.0140391837349188,0.011050282124213,"PCSK9/FURIN/PLTP/LEP/CES1/TREM2/ENPP7",7
"63","Reverse PRS","CAD","ebi-a-GCST003116","BP","GO:0006082","organic acid metabolic process","25/167","99/1420",8.28666850252737e-05,0.017629887239127,0.0138765352380042,"PON3/SCLY/GGT1/ADH4/ACY1/KYNU/FABP1/GSTA1/LPL/SULT2A1/ACAA1/HAO1/ANGPTL3/ST6GAL1/AGXT/PTS/DCXR/TNXB/SORD/LEP/NOS3/CES1/FBP1/HNMT/IDUA",25
"64","Reverse PRS","CAD","ebi-a-GCST003116","BP","GO:0032787","monocarboxylic acid metabolic process","19/167","67/1420",0.000122547706129256,0.0240664841344607,0.0189427992713157,"PON3/GGT1/ADH4/KYNU/FABP1/GSTA1/LPL/SULT2A1/ACAA1/HAO1/ANGPTL3/AGXT/DCXR/TNXB/SORD/LEP/CES1/FBP1/IDUA",19
"65","Reverse PRS","CAD","ebi-a-GCST003116","BP","GO:0009725","response to hormone","33/167","153/1420",0.000169518659180868,0.0262384172733247,0.0206523341269412,"PCSK9/CTSB/NTRK3/FGF21/PLAT/IGFBP2/LPL/IL1RN/REN/RARRES2/ANGPTL3/CTSD/BAIAP2/ANG/TGFBR3/AGRP/OXT/SORD/MME/LEP/NOS3/PRCP/GDF15/CCL19/TFPI/TNFRSF11B/IL6/C2/FBP1/CD38/CTSS/TNF/CTSL",33
"66","Reverse PRS","CAD","ebi-a-GCST003116","BP","GO:0015918","sterol transport","8/167","16/1420",0.000174717232137297,0.0262384172733247,0.0206523341269412,"PCSK9/FURIN/LDLR/PLTP/LEP/CES1/TREM2/ENPP7",8
"67","Reverse PRS","CAD","ebi-a-GCST003116","BP","GO:0030301","cholesterol transport","8/167","16/1420",0.000174717232137297,0.0262384172733247,0.0206523341269412,"PCSK9/FURIN/LDLR/PLTP/LEP/CES1/TREM2/ENPP7",8
"68","Reverse PRS","CAD","ebi-a-GCST003116","BP","GO:0055088","lipid homeostasis","8/167","16/1420",0.000174717232137297,0.0262384172733247,0.0206523341269412,"PCSK9/LDLR/LPL/ANGPTL3/CES1/TREM2/ENPP7/FABP4",8
"69","Reverse PRS","CAD","ebi-a-GCST003116","BP","GO:0010876","lipid localization","18/167","64/1420",0.000210662398745587,0.0298789502220825,0.0235178081406624,"PCSK9/RBP5/FABP1/FURIN/ITGAV/LDLR/LPL/PLTP/REN/ANGPTL3/OXT/LEP/CES1/IL6/TREM2/TNF/ENPP7/FABP4",18
"70","Reverse PRS","CAD","ebi-a-GCST003116","BP","GO:0140448","signaling receptor ligand precursor processing","7/167","13/1420",0.000255607076399216,0.034345519265642,0.0270334575538007,"FURIN/REN/ACE2/PLA2G7/MME/CPE/CTSL",7
"71","Reverse PRS","CAD","ebi-a-GCST003116","BP","GO:0034440","lipid oxidation","6/167","10/1420",0.000340420711846518,0.0426024767087563,0.0335325326394193,"ADH4/FABP1/ACAA1/HAO1/PLA2G7/LEP",6
"72","Reverse PRS","CAD","ebi-a-GCST003116","BP","GO:1905952","regulation of lipid localization","13/167","40/1420",0.000359021977850032,0.0426024767087563,0.0335325326394193,"PCSK9/FURIN/ITGAV/LPL/PLTP/REN/OXT/LEP/CES1/IL6/TREM2/TNF/ENPP7",13
"73","Reverse PRS","CAD","ebi-a-GCST003116","BP","GO:1901575","organic substance catabolic process","44/167","234/1420",0.0003671188748894,0.0426024767087563,0.0335325326394193,"PCSK9/CTSB/PON3/HYAL1/SCLY/FGF21/GGT1/ADH4/KYNU/FABP1/FURIN/MMP12/LDLR/LPL/SULT2A1/ACAA1/HAO1/RARRES2/ANGPTL3/HSD11B1/CTSD/AGXT/ANG/NT5E/DCXR/PLA2G7/SORD/MME/LEP/NOS3/RGMA/GZMA/CES1/IL6/TREM2/FBP1/CHI3L1/CTSS/TNF/HNMT/CTSL/IDUA/HMOX2/ENPP7",44
"74","Reverse PRS","CKD","ieu-a-1102","BP","GO:0007155","cell adhesion","140/400","383/1420",1.72073766191723e-05,0.00520427546193189,0.0364972900879139,"UMOD/COL6A3/RGMB/TNFRSF21/TGFBR2/FSTL3/JAM2/EPHB4/CD74/CD55/DLL1/NECTIN4/NECTIN2/VWC2/ADAM22/AMBP/TNFRSF12A/EFNA1/LY6D/CD93/ACVRL1/ADAM23/LGALS1/DPT/EPHA2/CCDC80/DSC2/LGALS9/B4GALT1/CD46/TNFRSF14/THY1/CD160/SPON2/CX3CL1/EPHA1/CDH3/COL18A1/CD27/CCN5/CSF1/HAVCR2/CDSN/CD58/VSIG4/MOG/SPINK5/XG/REG3A/ESAM/CCN3/SCGB1A1/CD99L2/IL4R/CD83/SCARF2/FOLR1/PTPRS/CD99/DSG3/PRSS2/IL12B/CD200/CD5/CD274/TNF/AXL/SLITRK2/CGREF1/CDH1/PLAUR/DSG2/PODXL2/LGALS3/PDCD1LG2/SIGLEC5/SPARCL1/NOTCH1/ALCAM/LGALS4/PTPRF/NPY/KIRREL2/SPON1/SIGLEC10/ADAM8/SIRPB1/CD4/FOLR2/IL2RA/MAD1L1/LEP/AGER/EGFL7/PCDH1/CDH5/SPOCK1/IL6ST/CD164/COMP/MCAM/SIGLEC6/CCL21/CDH6/PTPRM/BCAM/CCL25/THBS4/CCN4/XCL1/FOLR3/DDR1/TYRO3/LAMA4/SIRPA/CXADR/SPINT2/SIGLEC1/FLRT2/CD28/AGR2/CD34/GAS6/ITGB6/MDK/PCDH17/ITGB7/VEGFA/ACAN/SELE/IL1RN/KRT18/LILRB4/PEAR1/IGFBP7/MYOC/PDGFRA/ADGRE5/ADGRE2/SERPINB8",140
"75","Reverse PRS","CKD","ieu-a-1102","BP","GO:0051241","negative regulation of multicellular organismal process","95/400","243/1420",3.3483752374233e-05,0.00828570672387837,0.0364972900879139,"HSPG2/TNFRSF21/TNFRSF1A/TAFA5/CST3/TGFBR2/FSTL3/JAM2/IFNGR1/PTGDS/CD74/DLL1/THBD/TNFRSF1B/SEMA3F/EFNA1/CD38/ACVRL1/ADM/EPHA2/EFEMP1/LGALS9/TNFRSF14/THY1/CD160/CX3CL1/CDH3/HAVCR2/VASN/VSIG4/SPINK5/WNT9A/REG3A/CCN3/SCGB1A1/IL4R/RTN4R/CD83/PTPRS/TIMP1/IL12B/CD200/CD274/TNF/DRAXIN/AXL/SOST/RETN/CDH1/PLAUR/CCL3/LGALS3/PDCD1LG2/MSTN/CD300LF/NOTCH1/PGLYRP1/TFF2/TNFRSF13B/KLK8/DKK4/IL2RA/MAD1L1/IL17D/GDF15/LEP/LTBP3/AGER/PDCD1/PTPRM/THBS4/CCN4/XCL1/FGF23/GRN/IL19/CRHBP/TYRO3/LAMA4/STC1/SIRPA/CXADR/STC2/ANGPTL7/CD34/GAS6/MDK/SEMA4C/CALCA/LILRB4/CXCL10/ISM1/DCN/PDGFRA/LILRA5",95
"76","Reverse PRS","CKD","ieu-a-1102","CC","GO:0009986","cell surface","120/410","295/1442",2.39400833739398e-07,0.000217216356479547,5.79602018526964e-05,"UMOD/CD59/BTN2A1/CLMP/TNFRSF1A/TGFBR2/JAM2/CLEC14A/GFRA1/CD74/CD55/NECTIN2/LAYN/AMBP/THBD/ROR1/LY6D/CD38/CD93/ACVRL1/GPC1/RGMA/CD79B/EPHA2/CA4/TNFRSF4/ADAMTS15/B4GALT1/CD46/TNFRSF10B/TNFRSF14/THY1/CD302/CX3CL1/CD27/HAVCR2/CD58/VASN/MOG/FAS/CD99L2/IL4R/RTN4R/CD83/TNFRSF11A/GPR37/FOLR1/KLRB1/TGFBR3/PAM/TNFRSF9/IL12B/IL15RA/CD200/RTBDN/CD5/ASGR1/CD274/TNF/AXL/HAVCR1/F3/ULBP2/PLAUR/DSG2/LGALS3/PDCD1LG2/CLEC7A/NOTCH1/ALCAM/LAMP3/SDC1/TNFRSF10A/GFRA3/PLA2G1B/FCER2/ADAM8/SIRPB1/CD4/FOLR2/TREML2/IL2RA/CLEC4C/AGER/EGFL7/ISLR2/CDH5/IL6ST/PDCD1/SLITRK6/MCAM/CD8A/CXCL9/BCAM/IL1R1/FOLR3/TYRO3/SIRPA/CD207/CFC1/CD28/IL3RA/FGFR2/FCRL6/CLEC10A/CD244/CD34/ITGB6/ITGB7/CLEC6A/VEGFA/SELE/LILRB4/CD163/TGFA/CXCL10/FCRL2/CLEC4D/PDGFRA/LILRA5",120
"77","Reverse PRS","CKD","ieu-a-1102","CC","GO:0030312","external encapsulating structure","72/410","163/1442",3.68831497167131e-06,0.00167326555881488,0.000278330660454199,"HSPG2/COL6A3/CLEC14A/OGN/COLEC12/VWC2/SMOC2/AMBP/AGRN/GPC1/PHOSPHO1/LGALS1/DPT/MFAP5/CCDC80/EFEMP1/ADAMTS15/LGALS9/SPON2/COL18A1/CCN5/PRELP/VASN/CCN3/TGFBR3/TIMP1/MEPE/PRSS2/ACTA2/RTBDN/SOST/F3/MMP7/ANGPTL4/SMOC1/LGALS3/CTSZ/SPARCL1/LGALS4/IGFBPL1/TINAGL1/SPON1/RARRES2/MMP3/GDF15/PI3/TIMP4/LTBP3/EGFL7/COMP/BCAM/THBS4/ANG/CCN4/TPSAB1/LAMA4/MMP10/FLRT2/ANGPTL7/OPTC/FGFR2/LEFTY2/MDK/VEGFA/ACAN/IGFBP7/CSTB/MYOC/CHI3L1/DCN/SERPINB8/LTBP2",72
"78","Reverse PRS","CKD","ieu-a-1102","CC","GO:0031012","extracellular matrix","72/410","163/1442",3.68831497167131e-06,0.00167326555881488,0.000278330660454199,"HSPG2/COL6A3/CLEC14A/OGN/COLEC12/VWC2/SMOC2/AMBP/AGRN/GPC1/PHOSPHO1/LGALS1/DPT/MFAP5/CCDC80/EFEMP1/ADAMTS15/LGALS9/SPON2/COL18A1/CCN5/PRELP/VASN/CCN3/TGFBR3/TIMP1/MEPE/PRSS2/ACTA2/RTBDN/SOST/F3/MMP7/ANGPTL4/SMOC1/LGALS3/CTSZ/SPARCL1/LGALS4/IGFBPL1/TINAGL1/SPON1/RARRES2/MMP3/GDF15/PI3/TIMP4/LTBP3/EGFL7/COMP/BCAM/THBS4/ANG/CCN4/TPSAB1/LAMA4/MMP10/FLRT2/ANGPTL7/OPTC/FGFR2/LEFTY2/MDK/VEGFA/ACAN/IGFBP7/CSTB/MYOC/CHI3L1/DCN/SERPINB8/LTBP2",72
"79","Reverse PRS","CKD","ieu-a-1102","CC","GO:0009897","external side of plasma membrane","64/410","141/1442",4.5985065640259e-06,0.00178816212389693,0.000278330660454199,"CD59/BTN2A1/TGFBR2/CLEC14A/GFRA1/CD74/THBD/CD79B/CA4/TNFRSF4/B4GALT1/TNFRSF14/THY1/CD302/CD27/MOG/FAS/IL4R/RTN4R/CD83/TNFRSF11A/FOLR1/TGFBR3/TNFRSF9/IL12B/RTBDN/CD5/ASGR1/CD274/TNF/F3/ULBP2/PDCD1LG2/ALCAM/SDC1/GFRA3/FCER2/CD4/FOLR2/IL2RA/CLEC4C/CDH5/IL6ST/PDCD1/MCAM/CD8A/CXCL9/BCAM/IL1R1/FOLR3/CD207/CD28/IL3RA/FCRL6/CLEC10A/CD244/CD34/ITGB6/CLEC6A/SELE/CD163/CXCL10/CLEC4D/PDGFRA",64
"80","Reverse PRS","CKD","ieu-a-1102","CC","GO:0098552","side of membrane","66/410","159/1442",0.000119226336048423,0.027044507226984,0.00577306469287101,"CD59/BTN2A1/TGFBR2/CLEC14A/GFRA1/CD74/THBD/CD79B/CA4/TNFRSF4/B4GALT1/TNFRSF14/THY1/CD302/CD27/MOG/FAS/IL4R/RTN4R/CD83/TNFRSF11A/FOLR1/TGFBR3/TNFRSF9/IL12B/RTBDN/CD5/ASGR1/CD274/TNF/F3/ULBP2/CDH1/PDCD1LG2/ALCAM/SDC1/GFRA3/FCER2/CD4/FOLR2/IL2RA/CLEC4C/CDH5/IL6ST/PDCD1/MCAM/CD8A/CXCL9/BCAM/IL1R1/FOLR3/CD207/CD28/IL3RA/FCRL6/CLEC10A/CD244/CD34/ITGB6/CLEC6A/SELE/LILRB4/CD163/CXCL10/CLEC4D/PDGFRA",66
"81","Reverse PRS","CKD","ieu-a-1102","MF","GO:0038023","signaling receptor activity","103/404","228/1427",2.00910361287848e-09,2.73439001712761e-06,2.27345935141512e-07,"RGMB/TNFRSF1A/TGFBR2/IFNGR1/EPHB4/GFRA1/TNFRSF19/CD74/COLEC12/EPHB6/NECTIN2/SCARB2/THBD/EFNA4/ROR1/TNFRSF1B/CD93/ACVRL1/RGMA/IL10RB/CD79B/EPHA2/SORCS2/EFEMP1/TNFRSF4/PTPRN2/CLEC1A/CD46/CD300E/TNFRSF10B/TNFRSF14/CD300C/CD160/CD302/EPHA1/CD27/CD300LG/REG1A/TNFRSF6B/FAS/REG3A/EDA2R/IL4R/RTN4R/TNFRSF11A/GPR37/FOLR1/REG4/CRIM1/KLRB1/TGFBR3/REG1B/TNFRSF9/IL12B/IL15RA/RTBDN/CD5/AXL/PLAUR/CD300LF/CLEC7A/NOTCH1/PGLYRP1/IGF1R/PTPRF/TNFRSF13B/TNFRSF10A/OSCAR/NPY/GFRA3/CD4/FOLR2/TREML2/IL2RA/AGER/IL6ST/CD8A/PTPRM/BCAM/IL1R1/FOLR3/DDR1/TYRO3/TNFRSF8/CD28/IFNLR1/IL3RA/FGFR2/FLT1/FCRL6/CD244/FCGR2A/CLEC6A/NTRK2/SELE/LILRB4/PEAR1/FCRL2/CLEC4D/PDGFRA/ADGRE5/ADGRE2/LILRA5",103
"82","Reverse PRS","CKD","ieu-a-1102","MF","GO:0060089","molecular transducer activity","103/404","228/1427",2.00910361287848e-09,2.73439001712761e-06,2.27345935141512e-07,"RGMB/TNFRSF1A/TGFBR2/IFNGR1/EPHB4/GFRA1/TNFRSF19/CD74/COLEC12/EPHB6/NECTIN2/SCARB2/THBD/EFNA4/ROR1/TNFRSF1B/CD93/ACVRL1/RGMA/IL10RB/CD79B/EPHA2/SORCS2/EFEMP1/TNFRSF4/PTPRN2/CLEC1A/CD46/CD300E/TNFRSF10B/TNFRSF14/CD300C/CD160/CD302/EPHA1/CD27/CD300LG/REG1A/TNFRSF6B/FAS/REG3A/EDA2R/IL4R/RTN4R/TNFRSF11A/GPR37/FOLR1/REG4/CRIM1/KLRB1/TGFBR3/REG1B/TNFRSF9/IL12B/IL15RA/RTBDN/CD5/AXL/PLAUR/CD300LF/CLEC7A/NOTCH1/PGLYRP1/IGF1R/PTPRF/TNFRSF13B/TNFRSF10A/OSCAR/NPY/GFRA3/CD4/FOLR2/TREML2/IL2RA/AGER/IL6ST/CD8A/PTPRM/BCAM/IL1R1/FOLR3/DDR1/TYRO3/TNFRSF8/CD28/IFNLR1/IL3RA/FGFR2/FLT1/FCRL6/CD244/FCGR2A/CLEC6A/NTRK2/SELE/LILRB4/PEAR1/FCRL2/CLEC4D/PDGFRA/ADGRE5/ADGRE2/LILRA5",103
"83","Reverse PRS","CKD","ieu-a-1102","MF","GO:0005035","death receptor activity","10/404","10/1427",3.05169894108424e-06,0.00167326555881488,0.000230215885029162,"TNFRSF1A/TNFRSF19/TNFRSF1B/TNFRSF4/TNFRSF10B/TNFRSF14/FAS/EDA2R/TNFRSF11A/TNFRSF10A",10
"84","Reverse PRS","CKD","ieu-a-1102","MF","GO:0004888","transmembrane signaling receptor activity","74/404","172/1427",7.28456681270376e-06,0.00247857385802245,0.000412153122297712,"TNFRSF1A/TGFBR2/IFNGR1/EPHB4/GFRA1/TNFRSF19/CD74/EPHB6/SCARB2/THBD/EFNA4/ROR1/TNFRSF1B/ACVRL1/IL10RB/CD79B/EPHA2/SORCS2/EFEMP1/TNFRSF4/PTPRN2/CLEC1A/CD300E/TNFRSF10B/TNFRSF14/CD300C/CD160/EPHA1/CD27/CD300LG/FAS/EDA2R/IL4R/RTN4R/TNFRSF11A/GPR37/CRIM1/KLRB1/TGFBR3/IL12B/IL15RA/AXL/CD300LF/NOTCH1/IGF1R/PTPRF/TNFRSF10A/OSCAR/NPY/GFRA3/CD4/IL2RA/AGER/IL6ST/PTPRM/BCAM/IL1R1/DDR1/TYRO3/TNFRSF8/IFNLR1/IL3RA/FGFR2/FLT1/FCRL6/FCGR2A/NTRK2/SELE/LILRB4/FCRL2/PDGFRA/ADGRE5/ADGRE2/LILRA5",74
"85","Reverse PRS","CKD","ieu-a-1102","MF","GO:0005539","glycosaminoglycan binding","41/404","84/1427",3.23681956768848e-05,0.00828570672387837,0.00146508675169057,"TGFBR2/LAYN/SMOC2/AGRN/RSPO3/CCDC80/ADAMTS15/CCN5/PRELP/REG1A/REG3A/CCN3/RTN4R/PTPRS/REG4/TGFBR3/PGF/REG1B/CCL23/SOST/SMOC1/PODXL2/MSTN/PGLYRP1/PTPRF/CCL15/ADA2/COMP/THBS4/ANG/CCN4/CCL7/FGFR2/MDK/VEGFA/ACAN/RSPO1/CXCL10/DCN/ADGRE2/LTBP2",41
"86","Reverse PRS","T2D","ieu-a-26","BP","GO:0072329","monocarboxylic acid catabolic process","12/227","18/1420",1.62101221124388e-06,0.0041335811386719,0.00338023704260435,"PON3/AGXT/HAO1/DCXR/SORD/FABP1/SULT2A1/LEP/IDUA/PLA2G15/SLC16A1/ACAA1",12
"87","Reverse PRS","T2D","ieu-a-26","BP","GO:0016054","organic acid catabolic process","16/227","32/1420",6.03289869207049e-06,0.00512796388825991,0.00419339379262865,"PON3/AGXT/HAO1/DCXR/SORD/SCLY/FABP1/SULT2A1/LEP/KYNU/NOS3/IDUA/PLA2G15/SLC16A1/HNMT/ACAA1",16
"88","Reverse PRS","T2D","ieu-a-26","BP","GO:0046395","carboxylic acid catabolic process","16/227","32/1420",6.03289869207049e-06,0.00512796388825991,0.00419339379262865,"PON3/AGXT/HAO1/DCXR/SORD/SCLY/FABP1/SULT2A1/LEP/KYNU/NOS3/IDUA/PLA2G15/SLC16A1/HNMT/ACAA1",16
"89","Reverse PRS","T2D","ieu-a-26","BP","GO:0015850","organic hydroxy compound transport","17/227","36/1420",8.20450203277673e-06,0.00523037004589517,0.00427713645445545,"CES1/LDLR/FURIN/LEP/APOM/GHRL/OXT/C1QTNF1/CRH/SNCG/PLTP/SLC16A1/REN/ENPP7/PCSK9/MSR1/SPP1",17
"90","Reverse PRS","T2D","ieu-a-26","BP","GO:0032787","monocarboxylic acid metabolic process","25/227","67/1420",1.13380180939304e-05,0.0057823892279045,0.00472855028296339,"GSTA1/PON3/ADH4/LPL/CES1/AGXT/HAO1/DCXR/SORD/GGT1/PLA2G1B/FABP1/SULT2A1/LEP/KYNU/CES2/ALDH1A1/ASAH2/IDUA/FBP1/PLA2G15/SLC16A1/ACAA1/CD74/TNFRSF1A",25
"91","Reverse PRS","T2D","ieu-a-26","BP","GO:0010876","lipid localization","24/227","64/1420",1.56263892872536e-05,0.00664121544708279,0.00543085564527183,"LPL/RBP5/CES1/LDLR/FURIN/PLA2G1B/FABP1/LEP/APOM/GHRL/OXT/IL6/C1QTNF1/FABP4/CRH/PLTP/REN/FASLG/ENPP7/PCSK9/LBP/MSR1/TNFRSF11A/SPP1",24
"92","Reverse PRS","T2D","ieu-a-26","BP","GO:0019752","carboxylic acid metabolic process","31/227","94/1420",1.82420841861384e-05,0.00664533066780758,0.00543422086808124,"GSTA1/PON3/ADH4/ACY1/LPL/CES1/AGXT/HAO1/DCXR/SORD/GGT1/PTS/SCLY/PLA2G1B/FABP1/SULT2A1/LEP/KYNU/CES2/ALDH1A1/ASAH2/NOS3/IDUA/FBP1/PLA2G15/SLC16A1/HNMT/ACAA1/CD74/TNFRSF1A/ST3GAL1",31
"93","Reverse PRS","T2D","ieu-a-26","BP","GO:0006869","lipid transport","22/227","58/1420",2.94919864016866e-05,0.0094005706655376,0.0076873190870712,"RBP5/CES1/LDLR/FURIN/PLA2G1B/FABP1/LEP/APOM/GHRL/OXT/C1QTNF1/FABP4/CRH/PLTP/REN/FASLG/ENPP7/PCSK9/LBP/MSR1/TNFRSF11A/SPP1",22
"94","Reverse PRS","T2D","ieu-a-26","BP","GO:0043436","oxoacid metabolic process","31/227","97/1420",3.72717736814746e-05,0.0105603358764178,0.00863571738748552,"GSTA1/PON3/ADH4/ACY1/LPL/CES1/AGXT/HAO1/DCXR/SORD/GGT1/PTS/SCLY/PLA2G1B/FABP1/SULT2A1/LEP/KYNU/CES2/ALDH1A1/ASAH2/NOS3/IDUA/FBP1/PLA2G15/SLC16A1/HNMT/ACAA1/CD74/TNFRSF1A/ST3GAL1",31
"95","Reverse PRS","T2D","ieu-a-26","BP","GO:1905952","regulation of lipid localization","17/227","40/1420",4.59914379104011e-05,0.0117278166671523,0.00959042510531628,"LPL/CES1/FURIN/LEP/GHRL/OXT/IL6/C1QTNF1/CRH/PLTP/REN/FASLG/ENPP7/PCSK9/MSR1/TNFRSF11A/SPP1",17
"96","Reverse PRS","T2D","ieu-a-26","BP","GO:0006082","organic acid metabolic process","31/227","99/1420",5.85664313854146e-05,0.0135767636393461,0.0111024019688523,"GSTA1/PON3/ADH4/ACY1/LPL/CES1/AGXT/HAO1/DCXR/SORD/GGT1/PTS/SCLY/PLA2G1B/FABP1/SULT2A1/LEP/KYNU/CES2/ALDH1A1/ASAH2/NOS3/IDUA/FBP1/PLA2G15/SLC16A1/HNMT/ACAA1/CD74/TNFRSF1A/ST3GAL1",31
"97","Reverse PRS","T2D","ieu-a-26","BP","GO:0044282","small molecule catabolic process","20/227","54/1420",0.000103632978095689,0.0203280072418467,0.0180085025971544,"PON3/ADH4/AGXT/HAO1/DCXR/SORD/SCLY/FABP1/SULT2A1/LEP/KYNU/NOS3/IDUA/PLA2G15/SLC16A1/HNMT/RBKS/ACAA1/FGF23/ADA2",20
"98","Reverse PRS","T2D","ieu-a-26","BP","GO:0016042","lipid catabolic process","17/227","43/1420",0.000138138317093895,0.0234835139059622,0.0221580571791908,"HSD11B1/LPL/CES1/FGF21/LDLR/HAO1/PLA2G1B/FABP1/SULT2A1/LEP/ASAH2/PLA2G15/ENPP7/RARRES2/ACAA1/FGF23/SPP1",17
"99","Reverse PRS","T2D","ieu-a-26","BP","GO:0015918","sterol transport","9/227","16/1420",0.000239756114545915,0.0359634171818873,0.0333303061695058,"CES1/LDLR/FURIN/LEP/APOM/PLTP/ENPP7/PCSK9/MSR1",9
"100","Reverse PRS","T2D","ieu-a-26","BP","GO:0030301","cholesterol transport","9/227","16/1420",0.000239756114545915,0.0359634171818873,0.0333303061695058,"CES1/LDLR/FURIN/LEP/APOM/PLTP/ENPP7/PCSK9/MSR1",9
"101","Reverse PRS","T2D","ieu-a-26","BP","GO:0032368","regulation of lipid transport","14/227","34/1420",0.000334597550114595,0.0474013195995676,0.0436077464984877,"CES1/FURIN/LEP/GHRL/OXT/C1QTNF1/CRH/PLTP/REN/FASLG/ENPP7/PCSK9/TNFRSF11A/SPP1",14
"102","Reverse PRS","T2D","ieu-a-26","MF","GO:0031406","carboxylic acid binding","17/227","42/1427",9.12875410757047e-05,0.0193986024785873,0.0138600383736158,"GSTA1/RTN4R/RBP5/AGXT/FURIN/SCLY/PLA2G1B/FABP1/SIGLEC7/NOS3/FABP4/SELE/IGF2R/AGRN/EGLN1/SIGLEC10/AMBP",17
"103","Reverse PRS","T2D","ieu-a-26","MF","GO:0043177","organic acid binding","17/227","43/1427",0.000129724497092956,0.0234835139059622,0.0138600383736158,"GSTA1/RTN4R/RBP5/AGXT/FURIN/SCLY/PLA2G1B/FABP1/SIGLEC7/NOS3/FABP4/SELE/IGF2R/AGRN/EGLN1/SIGLEC10/AMBP",17
"104","Reverse PRS","Lung cancer (ever smokers)","ieu-a-985","BP","GO:0006954","inflammatory response","50/173","225/1420",2.25142365923858e-06,0.000973365495344146,0.00447203836314021,"TNFRSF4/IL12B/IL5RA/MMP9/ADM/HGF/LTA/CTSC/TNFRSF1A/ODAM/IL2RA/OSM/EPHA2/TNFRSF1B/IL10RB/PIK3AP1/IL15/IL6/IL1RN/CSF1/ITGB2/CCL21/ITGAM/GAL/ADAM8/AGER/CCL13/EPO/CHI3L1/LEP/SELE/SIGLEC1/CXCL6/TNFRSF11A/PRCP/UMOD/LBP/CCL26/PLA2G10/CRHBP/IGFBP4/CRH/SCG2/KIT/FOLR2/CXCL5/IFNGR1/CXCL9/IL4R/CEBPB",50
"105","Reverse PRS","Lung cancer (ever smokers)","ieu-a-985","BP","GO:0010033","response to organic substance","84/173","472/1420",6.00562942121337e-06,0.00222551467408964,0.00596453827254191,"CD74/C2/TNFRSF4/MMP12/IL12B/IL5RA/TGFBR2/MMP9/ADM/HGF/LTA/CTSC/TNFRSF1A/GDF15/IGF2R/IL2RA/KRT18/OSM/AGRN/TNFRSF1B/IL10RB/COL1A1/MSR1/TFF1/IL15/IL6/IL15RA/IL1RN/REN/TRIM21/CSF1/FGFR2/ITGB2/NTRK3/CCL21/TNFRSF21/KRT19/CD27/EDA2R/GAL/COLEC12/CDH1/IL18BP/EGFR/TNFRSF14/FABP1/FOXO3/AGER/ANGPT2/CCL13/EPO/CHI3L1/IL17RB/ADAM15/CRLF1/LEP/SELE/MNDA/TFF2/CA2/CXCL6/TNFRSF11A/AREG/PRCP/UMOD/LBP/CCL26/PLA2G10/CRHBP/CA3/IGFBP4/PGF/THBD/PDCD1LG2/KIT/FOLR2/CXCL5/IFNGR1/GPR37/SLC16A1/ARG1/CXCL9/IL4R/CEBPB",84
"106","Reverse PRS","Lung cancer (ever smokers)","ieu-a-985","BP","GO:0006952","defense response","70/173","374/1420",1.04627005132045e-05,0.00339253064140657,0.0060806641554661,"RNASET2/CD74/C2/TNFRSF4/MMP12/IL12B/IL5RA/MMP9/ADM/HGF/LTA/CTSC/TNFRSF1A/ODAM/IL2RA/TNFRSF10B/OSM/EPHA2/TNFRSF1B/IL10RB/PIK3AP1/IL15/CLEC4A/IL6/IL1RN/TRIM21/CSF1/ITGB2/CCL21/ITGAM/GAL/CD300C/NECTIN2/COLEC12/ADAM8/TNFRSF14/AGER/CCL13/EPO/CHI3L1/IL17RB/ADAM15/LEP/SELE/LPO/SIGLEC1/MNDA/CXCL6/ULBP2/TNFRSF11A/PRCP/UMOD/LBP/CCL26/PLA2G10/CRHBP/IGFBP4/CRH/SCG2/KIT/FOLR2/CXCL5/GP2/PADI4/IFNGR1/CD207/ARG1/CXCL9/IL4R/CEBPB",70
"107","Reverse PRS","Lung cancer (ever smokers)","ieu-a-985","BP","GO:0019221","cytokine-mediated signaling pathway","36/173","149/1420",1.22451106469376e-05,0.00352931300201734,0.0060806641554661,"CD74/TNFRSF4/MMP12/IL12B/IL5RA/TNFRSF1A/IL2RA/KRT18/OSM/TNFRSF1B/IL10RB/IL15/IL6/IL15RA/IL1RN/CSF1/CCL21/EDA2R/TNFRSF14/FOXO3/CCL13/EPO/IL17RB/CRLF1/LEP/TFF2/CXCL6/TNFRSF11A/UMOD/CCL26/KIT/CXCL5/IFNGR1/ARG1/CXCL9/IL4R",36
"108","Reverse PRS","Lung cancer (ever smokers)","ieu-a-985","BP","GO:0071345","cellular response to cytokine stimulus","44/173","206/1420",3.46970179488835e-05,0.00900040645594038,0.0137838469199038,"CD74/TNFRSF4/MMP12/IL12B/IL5RA/TNFRSF1A/IL2RA/KRT18/OSM/TNFRSF1B/IL10RB/COL1A1/IL15/IL6/IL15RA/IL1RN/CSF1/CCL21/TNFRSF21/EDA2R/IL18BP/TNFRSF14/FOXO3/CCL13/EPO/CHI3L1/IL17RB/CRLF1/LEP/MNDA/TFF2/CXCL6/TNFRSF11A/UMOD/CCL26/PLA2G10/CRHBP/KIT/CXCL5/IFNGR1/ARG1/CXCL9/IL4R/CEBPB",44
"109","Reverse PRS","Lung cancer (ever smokers)","ieu-a-985","BP","GO:0034097","response to cytokine","46/173","226/1420",8.22765116867517e-05,0.0164173285627257,0.0272378557110352,"CD74/TNFRSF4/MMP12/IL12B/IL5RA/TNFRSF1A/IL2RA/KRT18/OSM/TNFRSF1B/IL10RB/COL1A1/IL15/IL6/IL15RA/IL1RN/TRIM21/CSF1/CCL21/TNFRSF21/EDA2R/IL18BP/TNFRSF14/FOXO3/CCL13/EPO/CHI3L1/IL17RB/CRLF1/LEP/SELE/MNDA/TFF2/CXCL6/TNFRSF11A/UMOD/CCL26/PLA2G10/CRHBP/KIT/CXCL5/IFNGR1/ARG1/CXCL9/IL4R/CEBPB",46
"110","Reverse PRS","Lung cancer (ever smokers)","ieu-a-985","CC","GO:0009986","cell surface","63/175","295/1442",2.32306850343726e-07,0.000150650992447907,4.84176382821661e-05,"BTN3A2/BTN2A1/CD74/TNFRSF4/CD1C/IL12B/TNFRSF9/IL5RA/TGFBR2/PLAUR/TNR/TNFRSF1A/IGF2R/IL2RA/TNFRSF10A/TNFRSF10B/ASGR1/EPHA2/HBEGF/CPM/IL15/CLEC4A/ACVRL1/IL15RA/FGFR2/ITGB2/CD27/GFRA1/ITGAM/NECTIN2/ADAM8/RTN4R/EGFR/TNFRSF14/AGER/EPO/ADAM15/CDH2/CRLF1/SELE/GFRA3/ULBP2/TNFRSF11A/AREG/UMOD/LBP/CD109/THBD/PDCD1LG2/KIT/FOLR2/GP2/TREML2/FGFBP1/SLITRK6/CD207/ECE1/GPR37/TGFA/BGN/CXCL9/IL4R/NCAM1",63
"111","Reverse PRS","Lung cancer (ever smokers)","ieu-a-985","CC","GO:0009897","external side of plasma membrane","33/175","141/1442",5.82795435036852e-05,0.0137433759862327,0.00607334190196298,"BTN3A2/BTN2A1/CD74/TNFRSF4/CD1C/IL12B/TNFRSF9/IL5RA/TGFBR2/IL2RA/ASGR1/CLEC4A/ITGB2/CD27/GFRA1/ITGAM/RTN4R/TNFRSF14/CRLF1/SELE/GFRA3/ULBP2/TNFRSF11A/THBD/PDCD1LG2/KIT/FOLR2/GP2/CD207/ECE1/CXCL9/IL4R/NCAM1",33
"112","Reverse PRS","Lung cancer (ever smokers)","ieu-a-985","CC","GO:0098552","side of membrane","35/175","159/1442",0.000132895458467873,0.0246236299475473,0.00762743120720332,"BTN3A2/BTN2A1/CD74/TNFRSF4/CD1C/IL12B/TNFRSF9/IL5RA/TGFBR2/IL2RA/ASGR1/CLEC4A/ITGB2/CD27/GFRA1/ITGAM/RTN4R/CDH1/TNFRSF14/CRLF1/SELE/GFRA3/ULBP2/TNFRSF11A/THBD/PDCD1LG2/KIT/FOLR2/GP2/CD207/ECE1/GFAP/CXCL9/IL4R/NCAM1",35
"113","Reverse PRS","Lung cancer (ever smokers)","ieu-a-985","CC","GO:0045334","clathrin-coated endocytic vesicle","9/175","19/1442",0.000146385043370569,0.025314853500217,0.00762743120720332,"CD74/IGF2R/HBEGF/EGFR/AREG/CD207/TGFA/SFTPA2/SFTPA1",9
"114","Reverse PRS","Lung cancer (ever smokers)","ieu-a-985","MF","GO:0038023","signaling receptor activity","54/172","228/1427",4.52627787452244e-08,5.87058240325561e-05,5.28859835865254e-06,"CD74/TNFRSF4/KIR2DL3/IL12B/TNFRSF9/IL5RA/TGFBR2/PLAUR/TNFRSF1A/IGF2R/IL2RA/TNFRSF10A/TNFRSF10B/EPHA2/TNFRSF1B/IL10RB/TNFRSF8/CD300E/CLEC4A/ACVRL1/IL15RA/FGFR2/ITGB2/NTRK3/EPHA1/CD27/EDA2R/GFRA1/GAL/CD300C/NECTIN2/COLEC12/TNFRSF6B/RTN4R/DNER/EGFR/TNFRSF14/AGER/IL17RB/PTPRF/CRLF1/SELE/GFRA3/EFNA4/TNFRSF11A/SIGLEC7/LBP/THBD/KIT/FOLR2/TREML2/IFNGR1/GPR37/IL4R",54
"115","Reverse PRS","Lung cancer (ever smokers)","ieu-a-985","MF","GO:0060089","molecular transducer activity","54/172","228/1427",4.52627787452244e-08,5.87058240325561e-05,5.28859835865254e-06,"CD74/TNFRSF4/KIR2DL3/IL12B/TNFRSF9/IL5RA/TGFBR2/PLAUR/TNFRSF1A/IGF2R/IL2RA/TNFRSF10A/TNFRSF10B/EPHA2/TNFRSF1B/IL10RB/TNFRSF8/CD300E/CLEC4A/ACVRL1/IL15RA/FGFR2/ITGB2/NTRK3/EPHA1/CD27/EDA2R/GFRA1/GAL/CD300C/NECTIN2/COLEC12/TNFRSF6B/RTN4R/DNER/EGFR/TNFRSF14/AGER/IL17RB/PTPRF/CRLF1/SELE/GFRA3/EFNA4/TNFRSF11A/SIGLEC7/LBP/THBD/KIT/FOLR2/TREML2/IFNGR1/GPR37/IL4R",54
"116","Reverse PRS","Lung cancer (ever smokers)","ieu-a-985","MF","GO:0004888","transmembrane signaling receptor activity","44/172","172/1427",1.11276577975728e-07,9.62171477563461e-05,8.66785975810934e-06,"CD74/TNFRSF4/IL12B/IL5RA/TGFBR2/TNFRSF1A/IGF2R/IL2RA/TNFRSF10A/TNFRSF10B/EPHA2/TNFRSF1B/IL10RB/TNFRSF8/CD300E/CLEC4A/ACVRL1/IL15RA/FGFR2/ITGB2/NTRK3/EPHA1/CD27/EDA2R/GFRA1/GAL/CD300C/RTN4R/DNER/EGFR/TNFRSF14/AGER/IL17RB/PTPRF/CRLF1/SELE/GFRA3/EFNA4/TNFRSF11A/THBD/KIT/IFNGR1/GPR37/IL4R",44
"117","Reverse PRS","Lung cancer (ever smokers)","ieu-a-985","MF","GO:0005035","death receptor activity","8/172","10/1427",1.39546482971337e-06,0.000723967153655296,8.15245242622021e-05,"TNFRSF4/TNFRSF1A/TNFRSF10A/TNFRSF10B/TNFRSF1B/EDA2R/TNFRSF14/TNFRSF11A",8
"118","Reverse PRS","Lung cancer (ever smokers)","ieu-a-985","MF","GO:0019955","cytokine binding","17/172","53/1427",7.12881921451876e-05,0.0154101308687181,0.0033317849802593,"CD74/IL12B/IL5RA/TGFBR2/TNFRSF1A/IL2RA/TNFRSF1B/ACVRL1/IL1RN/LTBP3/IL18BP/TNFRSF14/CRLF1/TNFRSF11A/CD109/KIT/IFNGR1",17
"119","Reverse PRS","Squamous cell lung cancer","ieu-a-989","CC","GO:0009986","cell surface","65/194","295/1442",3.05455407219413e-06,0.00200073291728715,0.000662355935654727,"BTN3A2/BTN2A1/CD1C/IL5RA/TNFRSF4/TNFRSF9/CD74/LILRB4/TNFRSF10A/IL2RA/IGF2R/TNFRSF10B/IL12B/TGFBR2/AGER/PLAUR/TNR/ASGR1/CD207/TNFRSF1A/EPHA2/IL15RA/BST2/EPO/NCAM1/ULBP2/FOLR2/FURIN/PLA2G1B/UMOD/CLEC4A/HBEGF/ACVRL1/IL15/CPM/FASLG/CLEC5A/IL3RA/FCER2/FOLR3/CRLF1/LBP/ITGB2/FGFR2/CD27/TGFA/THBD/IL13RA1/IL1RL1/NECTIN2/TNFRSF14/GP1BA/ADAMTS15/GPR37/APOH/ALPP/GFRA3/PCSK9/WIF1/CD200/GFRA2/RTN4R/CX3CL1/FLT3LG/CD244",65
"120","Reverse PRS","Squamous cell lung cancer","ieu-a-989","MF","GO:0004888","transmembrane signaling receptor activity","47/191","172/1427",1.34227732200674e-07,0.000117511576518846,1.010344611291e-05,"IL5RA/TNFRSF4/CD74/LILRB4/TNFRSF10A/IL2RA/IGF2R/TNFRSF10B/IL12B/TGFBR2/AGER/TNFRSF1A/EPHA2/IL15RA/CD300E/TNFRSF8/TNFRSF1B/FLT3/IL10RB/CLEC4A/DDR1/ACVRL1/RET/KLRD1/IL3RA/CRLF1/ITGB2/FGFR2/CD27/IGF1R/THBD/EFNA4/IL13RA1/IL1RL1/EDA2R/TNFRSF14/NTRK3/GP1BA/GPR37/GAL/DNER/CD300C/GFRA3/ERBB4/GFRA2/RTN4R/EPHA1",47
"121","Reverse PRS","Squamous cell lung cancer","ieu-a-989","MF","GO:0038023","signaling receptor activity","57/191","228/1427",1.34555240288755e-07,0.000117511576518846,1.010344611291e-05,"IL5RA/TNFRSF4/TNFRSF9/CD74/LILRB4/TNFRSF10A/IL2RA/IGF2R/TNFRSF10B/IL12B/TGFBR2/AGER/PLAUR/KIR2DL3/TNFRSF1A/EPHA2/IL15RA/CD300E/TNFRSF8/TNFRSF1B/FOLR2/FLT3/IL10RB/CLEC4A/DDR1/ACVRL1/SIGLEC7/RET/KLRD1/IL3RA/FOLR3/CRLF1/COLEC12/LBP/ITGB2/FGFR2/CD27/IGF1R/THBD/EFNA4/IL13RA1/IL1RL1/EDA2R/NECTIN2/TNFRSF14/NTRK3/GP1BA/GPR37/GAL/DNER/CD300C/GFRA3/ERBB4/GFRA2/RTN4R/CD244/EPHA1",57
"122","Reverse PRS","Squamous cell lung cancer","ieu-a-989","MF","GO:0060089","molecular transducer activity","57/191","228/1427",1.34555240288755e-07,0.000117511576518846,1.010344611291e-05,"IL5RA/TNFRSF4/TNFRSF9/CD74/LILRB4/TNFRSF10A/IL2RA/IGF2R/TNFRSF10B/IL12B/TGFBR2/AGER/PLAUR/KIR2DL3/TNFRSF1A/EPHA2/IL15RA/CD300E/TNFRSF8/TNFRSF1B/FOLR2/FLT3/IL10RB/CLEC4A/DDR1/ACVRL1/SIGLEC7/RET/KLRD1/IL3RA/FOLR3/CRLF1/COLEC12/LBP/ITGB2/FGFR2/CD27/IGF1R/THBD/EFNA4/IL13RA1/IL1RL1/EDA2R/NECTIN2/TNFRSF14/NTRK3/GP1BA/GPR37/GAL/DNER/CD300C/GFRA3/ERBB4/GFRA2/RTN4R/CD244/EPHA1",57
"123","Reverse PRS","Squamous cell lung cancer","ieu-a-989","MF","GO:0005035","death receptor activity","7/191","10/1427",5.84787192713379e-05,0.030642848898181,0.00329327524317534,"TNFRSF4/TNFRSF10A/TNFRSF10B/TNFRSF1A/TNFRSF1B/EDA2R/TNFRSF14",7
